<?xml version="1.0" encoding="UTF-8"?>
<project-private xmlns="http://www.netbeans.org/ns/project-private/1">
    <editor-bookmarks xmlns="http://www.netbeans.org/ns/editor-bookmarks/2" lastBookmarkId="0"/>
    <open-files xmlns="http://www.netbeans.org/ns/projectui-open-files/2">
        <group>
            <file>file:/C:/Users/c0030622/Desktop/transfer/_comp132_2015q2/lectures/ModIV/ArrayManipulation/src/arraymanipulation/ArrayManipulation.java</file>
            <file>file:/C:/Users/c0030622/Desktop/transfer/_comp132_2015q2/lectures/ModIV/ArrayManipulation/src/arraymanipulation/Arrays.java</file>
        </group>
    </open-files>
</project-private>
